KS Statistic,P-Value,Result
0.7151898734177216,3.180643866666719e-39,not similar
