KS Statistic,P-Value,Result
0.35443037974683544,3.3112254765598696e-09,not similar
