Fold,Cosine Similarity,Result
0,0.9556034788952487,very similar
1,0.9644736284617762,very similar
2,0.9716635313915207,very similar
3,0.9779097442980299,very similar
4,0.9720182616777556,very similar
5,0.9800000486336152,very similar
6,0.9761914045257493,very similar
7,0.9632023461408075,very similar
8,0.9827461995990533,very similar
9,0.9744779544986671,very similar
