Fold,Cosine Similarity,Result
0,0.8829373334051159,similar
1,0.8657903176443499,similar
2,0.8594403331948056,similar
3,0.8927091271450355,similar
4,0.9004751546330524,similar
5,0.8524724572593012,similar
6,0.8880181260992133,similar
7,0.8952972154584475,similar
8,0.8581079432174795,similar
9,0.8452210248747416,not similar
